<?xml version="1.0" encoding="UTF-8"?><SLA Version="1.0"><TxList><Tx>02_ChooseFlight</Tx><Tx>vuser_end_Transaction</Tx><Tx>click_choose_flight</Tx><Tx>03_Check_Itinerary</Tx><Tx>01_FindFlight</Tx><Tx>login</Tx><Tx>click_itinerary</Tx><Tx>click_book</Tx><Tx>04_BookFlight</Tx><Tx>click_cancel_ckecked</Tx><Tx>vuser_init_Transaction</Tx><Tx>connect_to_server</Tx><Tx>click_sign_off</Tx><Tx>05_CancelFlight</Tx><Tx>click_find_flight</Tx><Tx>Action_Transaction</Tx><Tx>click_flights</Tx></TxList><SLARules><TrackingPeriodType>Default</TrackingPeriodType><TrackingPeriodValue></TrackingPeriodValue><TrackingPeriodTimeScale></TrackingPeriodTimeScale></SLARules></SLA>